{
  "conv_channels": [96, 128],
  "num_conv_layers": [3, 4],
  "kernel_size": [5],
  "dropout": [0.0, 0.025, 0.05, 0.075],
  "learning_rate": [0.0001, 0.0003],
  "weight_decay": [0.0, 0.000001, 0.00001, 0.0001]
}
